Workbook

Sheet Dashboard
A1: AR DELINQUENT REPORT - SUMMARY DASHBOARD
A2: Valley Ranch Master
A3: Report Date: 4/17/2026 (Posted Date: 3/31/2026)
A5: KEY METRICS
A6: Total Delinquent Accounts | C6: =COUNTA('AR Delinquent Report'!A2:A536) -> 535
A7: Total Outstanding Balance | C7: =SUM('AR Delinquent Report'!J2:J536) -> 1636571.2
A8: Average Balance per Account | C8: =AVERAGE('AR Delinquent Report'!J2:J536) -> 3059.0116
A9: Highest Balance | C9: =MAX('AR Delinquent Report'!J2:J536) -> 311462.29
A10: Accounts Over $10,000 | C10: =COUNTIF('AR Delinquent Report'!J2:J536,">10000") -> 29
A11: Accounts Over $1,000 | C11: =COUNTIF('AR Delinquent Report'!J2:J536,">1000") -> 183
A13: AGING BUCKET SUMMARY
A14: Aging Bucket | B14: Total Amount | C14: # of Accounts | D14: % of Total $ | E14: Avg per Account
A15: Current | B15: =SUM('AR Delinquent Report'!C2:C536) -> 104667.02 | C15: =COUNTIF('AR Delinquent Report'!C2:C536,">0") -> 400 | D15: =B15/$C$7 -> 0.063955067 | E15: =IF(C15>0,B15/C15,0) -> 261.66755
A16: 30-59 Days | B16: =SUM('AR Delinquent Report'!D2:D536) -> 45484.11 | C16: =COUNTIF('AR Delinquent Report'!D2:D536,">0") -> 44 | D16: =B16/$C$7 -> 0.02779232 | E16: =IF(C16>0,B16/C16,0) -> 1033.7298
A17: 60-89 Days | B17: =SUM('AR Delinquent Report'!E2:E536) -> 885580.86 | C17: =COUNTIF('AR Delinquent Report'!E2:E536,">0") -> 378 | D17: =B17/$C$7 -> 0.54111967 | E17: =IF(C17>0,B17/C17,0) -> 2342.8065
A18: 90 Days | B18: =SUM('AR Delinquent Report'!F2:F536) -> 21988.96 | C18: =COUNTIF('AR Delinquent Report'!F2:F536,">0") -> 59 | D18: =B18/$C$7 -> 0.013435994 | E18: =IF(C18>0,B18/C18,0) -> 372.69424
A19: 120 Days | B19: =SUM('AR Delinquent Report'!G2:G536) -> 34769.77 | C19: =COUNTIF('AR Delinquent Report'!G2:G536,">0") -> 69 | D19: =B19/$C$7 -> 0.021245498 | E19: =IF(C19>0,B19/C19,0) -> 503.90971
A20: 150 Days | B20: =SUM('AR Delinquent Report'!H2:H536) -> 162022.4 | C20: =COUNTIF('AR Delinquent Report'!H2:H536,">0") -> 59 | D20: =B20/$C$7 -> 0.099001132 | E20: =IF(C20>0,B20/C20,0) -> 2746.1424
A21: >180 Days | B21: =SUM('AR Delinquent Report'!I2:I536) -> 382058.06 | C21: =COUNTIF('AR Delinquent Report'!I2:I536,">0") -> 192 | D21: =B21/$C$7 -> 0.23345032 | E21: =IF(C21>0,B21/C21,0) -> 1989.8857
A22: TOTAL | B22: =SUM(B15:B21) -> 1636571.2 | C22: =C6 -> 535 | D22: =SUM(D15:D21) -> 1 | E22: =IF(C22>0,B22/C22,0) -> 3059.0116
A24: SUMMARY BY COLLECTION STAGE
A25: Collection Stage | B25: # Accounts | C25: Total Balance | D25: % of Total | E25: Avg Balance
A26: Attny | B26: =COUNTIF('AR Delinquent Report'!B2:B536,"Attny") -> 63 | C26: =SUMIF('AR Delinquent Report'!B2:B536,"Attny",'AR Delinquent Report'!J2:J536) -> 718096.47 | D26: =IF($C$7>0,C26/$C$7,0) -> 0.43878108 | E26: =IF(B26>0,C26/B26,0) -> 11398.357
A27: Attny Bankruptcy | B27: =COUNTIF('AR Delinquent Report'!B2:B536,"Attny Bankruptcy") -> 1 | C27: =SUMIF('AR Delinquent Report'!B2:B536,"Attny Bankruptcy",'AR Delinquent Report'!J2:J536) -> 759.67 | D27: =IF($C$7>0,C27/$C$7,0) -> 0.0004641839 | E27: =IF(B27>0,C27/B27,0) -> 759.67
A28: Bankruptcy | B28: =COUNTIF('AR Delinquent Report'!B2:B536,"Bankruptcy") -> 1 | C28: =SUMIF('AR Delinquent Report'!B2:B536,"Bankruptcy",'AR Delinquent Report'!J2:J536) -> 595 | D28: =IF($C$7>0,C28/$C$7,0) -> 0.000363565 | E28: =IF(B28>0,C28/B28,0) -> 595
A29: Demand Lien Notice | B29: =COUNTIF('AR Delinquent Report'!B2:B536,"Demand Lien Notice") -> 201 | C29: =SUMIF('AR Delinquent Report'!B2:B536,"Demand Lien Notice",'AR Delinquent Report'!J2:J536) -> 617349.29 | D29: =IF($C$7>0,C29/$C$7,0) -> 0.37722117 | E29: =IF(B29>0,C29/B29,0) -> 3071.3895
A30: Initial Late Letter | B30: =COUNTIF('AR Delinquent Report'!B2:B536,"Initial Late Letter") -> 7 | C30: =SUMIF('AR Delinquent Report'!B2:B536,"Initial Late Letter",'AR Delinquent Report'!J2:J536) -> 57359.96 | D30: =IF($C$7>0,C30/$C$7,0) -> 0.035048864 | E30: =IF(B30>0,C30/B30,0) -> 8194.28
A31: Payment Plan | B31: =COUNTIF('AR Delinquent Report'!B2:B536,"Payment Plan") -> 6 | C31: =SUMIF('AR Delinquent Report'!B2:B536,"Payment Plan",'AR Delinquent Report'!J2:J536) -> 4006.27 | D31: =IF($C$7>0,C31/$C$7,0) -> 0.0024479656 | E31: =IF(B31>0,C31/B31,0) -> 667.71167
A32: Pending Board | B32: =COUNTIF('AR Delinquent Report'!B2:B536,"Pending Board") -> 2 | C32: =SUMIF('AR Delinquent Report'!B2:B536,"Pending Board",'AR Delinquent Report'!J2:J536) -> 3966.17 | D32: =IF($C$7>0,C32/$C$7,0) -> 0.0024234632 | E32: =IF(B32>0,C32/B32,0) -> 1983.085
A33: Pre-Bankruptcy | B33: =COUNTIF('AR Delinquent Report'!B2:B536,"Pre-Bankruptcy") -> 1 | C33: =SUMIF('AR Delinquent Report'!B2:B536,"Pre-Bankruptcy",'AR Delinquent Report'!J2:J536) -> 916.95 | D33: =IF($C$7>0,C33/$C$7,0) -> 0.00056028727 | E33: =IF(B33>0,C33/B33,0) -> 916.95
A34: Pre-Bankruptcy Attny | B34: =COUNTIF('AR Delinquent Report'!B2:B536,"Pre-Bankruptcy Attny") -> 2 | C34: =SUMIF('AR Delinquent Report'!B2:B536,"Pre-Bankruptcy Attny",'AR Delinquent Report'!J2:J536) -> 25103.31 | D34: =IF($C$7>0,C34/$C$7,0) -> 0.015338966 | E34: =IF(B34>0,C34/B34,0) -> 12551.655
A35: Pre-Bankruptcy Bankruptcy | B35: =COUNTIF('AR Delinquent Report'!B2:B536,"Pre-Bankruptcy Bankruptcy") -> 1 | C35: =SUMIF('AR Delinquent Report'!B2:B536,"Pre-Bankruptcy Bankruptcy",'AR Delinquent Report'!J2:J536) -> 3536.56 | D35: =IF($C$7>0,C35/$C$7,0) -> 0.002160957 | E35: =IF(B35>0,C35/B35,0) -> 3536.56
A36: (No Stage Assigned) | B36: =COUNTIF('AR Delinquent Report'!B2:B536,"") -> 250 | C36: =SUMIF('AR Delinquent Report'!B2:B536,"",'AR Delinquent Report'!J2:J536) -> 204881.53 | D36: =IF($C$7>0,C36/$C$7,0) -> 0.1251895 | E36: =IF(B36>0,C36/B36,0) -> 819.52612
A37: TOTAL | B37: =SUM(B26:B36) -> 535 | C37: =SUM(C26:C36) -> 1636571.2 | D37: =SUM(D26:D36) -> 1 | E37: =IF(B37>0,C37/B37,0) -> 3059.0116
A39: TOP 10 HIGH PRIORITY ACCOUNTS (by Total Balance)
A40: Rank | B40: Acct # | C40: Collection Stage | D40: Balance
A41: 1 | B41: =INDEX('AR Delinquent Report'!A2:A536,MATCH(LARGE('AR Delinquent Report'!J2:J536,1),'AR Delinquent Report'!J2:J536,0)) -> 851983 | C41: =INDEX('AR Delinquent Report'!B2:B536,MATCH(LARGE('AR Delinquent Report'!J2:J536,1),'AR Delinquent Report'!J2:J536,0)) -> Attny | D41: =LARGE('AR Delinquent Report'!J2:J536,1) -> 311462.29
A42: 2 | B42: =INDEX('AR Delinquent Report'!A2:A536,MATCH(LARGE('AR Delinquent Report'!J2:J536,2),'AR Delinquent Report'!J2:J536,0)) -> 489515 | C42: =INDEX('AR Delinquent Report'!B2:B536,MATCH(LARGE('AR Delinquent Report'!J2:J536,2),'AR Delinquent Report'!J2:J536,0)) -> Demand Lien Notice | D42: =LARGE('AR Delinquent Report'!J2:J536,2) -> 118512.5
A43: 3 | B43: =INDEX('AR Delinquent Report'!A2:A536,MATCH(LARGE('AR Delinquent Report'!J2:J536,3),'AR Delinquent Report'!J2:J536,0)) -> 474628 | C43: =INDEX('AR Delinquent Report'!B2:B536,MATCH(LARGE('AR Delinquent Report'!J2:J536,3),'AR Delinquent Report'!J2:J536,0)) -> Demand Lien Notice | D43: =LARGE('AR Delinquent Report'!J2:J536,3) -> 79328.75
A44: 4 | B44: =INDEX('AR Delinquent Report'!A2:A536,MATCH(LARGE('AR Delinquent Report'!J2:J536,4),'AR Delinquent Report'!J2:J536,0)) -> 866536 | C44: =INDEX('AR Delinquent Report'!B2:B536,MATCH(LARGE('AR Delinquent Report'!J2:J536,4),'AR Delinquent Report'!J2:J536,0)) -> Demand Lien Notice | D44: =LARGE('AR Delinquent Report'!J2:J536,4) -> 65411.73
A45: 5 | B45: =INDEX('AR Delinquent Report'!A2:A536,MATCH(LARGE('AR Delinquent Report'!J2:J536,5),'AR Delinquent Report'!J2:J536,0)) -> 474633 | C45: =INDEX('AR Delinquent Report'!B2:B536,MATCH(LARGE('AR Delinquent Report'!J2:J536,5),'AR Delinquent Report'!J2:J536,0)) -> Initial Late Letter | D45: =LARGE('AR Delinquent Report'!J2:J536,5) -> 53560
A46: 6 | B46: =INDEX('AR Delinquent Report'!A2:A536,MATCH(LARGE('AR Delinquent Report'!J2:J536,6),'AR Delinquent Report'!J2:J536,0)) -> 866525 | C46: =INDEX('AR Delinquent Report'!B2:B536,MATCH(LARGE('AR Delinquent Report'!J2:J536,6),'AR Delinquent Report'!J2:J536,0)) -> Demand Lien Notice | D46: =LARGE('AR Delinquent Report'!J2:J536,6) -> 46973.75
A47: 7 | B47: =INDEX('AR Delinquent Report'!A2:A536,MATCH(LARGE('AR Delinquent Report'!J2:J536,7),'AR Delinquent Report'!J2:J536,0)) -> 474637 | C47: =INDEX('AR Delinquent Report'!B2:B536,MATCH(LARGE('AR Delinquent Report'!J2:J536,7),'AR Delinquent Report'!J2:J536,0)) -> Demand Lien Notice | D47: =LARGE('AR Delinquent Report'!J2:J536,7) -> 41657.68
A48: 8 | B48: =INDEX('AR Delinquent Report'!A2:A536,MATCH(LARGE('AR Delinquent Report'!J2:J536,8),'AR Delinquent Report'!J2:J536,0)) -> 475630 | C48: =INDEX('AR Delinquent Report'!B2:B536,MATCH(LARGE('AR Delinquent Report'!J2:J536,8),'AR Delinquent Report'!J2:J536,0)) -> 0 | D48: =LARGE('AR Delinquent Report'!J2:J536,8) -> 29210.51
A49: 9 | B49: =INDEX('AR Delinquent Report'!A2:A536,MATCH(LARGE('AR Delinquent Report'!J2:J536,9),'AR Delinquent Report'!J2:J536,0)) -> 474631 | C49: =INDEX('AR Delinquent Report'!B2:B536,MATCH(LARGE('AR Delinquent Report'!J2:J536,9),'AR Delinquent Report'!J2:J536,0)) -> Demand Lien Notice | D49: =LARGE('AR Delinquent Report'!J2:J536,9) -> 26476.25
A50: 10 | B50: =INDEX('AR Delinquent Report'!A2:A536,MATCH(LARGE('AR Delinquent Report'!J2:J536,10),'AR Delinquent Report'!J2:J536,0)) -> 475816 | C50: =INDEX('AR Delinquent Report'!B2:B536,MATCH(LARGE('AR Delinquent Report'!J2:J536,10),'AR Delinquent Report'!J2:J536,0)) -> Attny | D50: =LARGE('AR Delinquent Report'!J2:J536,10) -> 24378.07
A52: TOP 10 OLDEST AGING ACCOUNTS (by >180 Days Balance)
A53: Rank | B53: Acct # | C53: Collection Stage | D53: >180 Days
A54: 1 | B54: =INDEX('AR Delinquent Report'!A2:A536,MATCH(LARGE('AR Delinquent Report'!I2:I536,1),'AR Delinquent Report'!I2:I536,0)) -> 475630 | C54: =INDEX('AR Delinquent Report'!B2:B536,MATCH(LARGE('AR Delinquent Report'!I2:I536,1),'AR Delinquent Report'!I2:I536,0)) -> 0 | D54: =LARGE('AR Delinquent Report'!I2:I536,1) -> 18249.01
A55: 2 | B55: =INDEX('AR Delinquent Report'!A2:A536,MATCH(LARGE('AR Delinquent Report'!I2:I536,2),'AR Delinquent Report'!I2:I536,0)) -> 475151 | C55: =INDEX('AR Delinquent Report'!B2:B536,MATCH(LARGE('AR Delinquent Report'!I2:I536,2),'AR Delinquent Report'!I2:I536,0)) -> Demand Lien Notice | D55: =LARGE('AR Delinquent Report'!I2:I536,2) -> 17907.07
A56: 3 | B56: =INDEX('AR Delinquent Report'!A2:A536,MATCH(LARGE('AR Delinquent Report'!I2:I536,3),'AR Delinquent Report'!I2:I536,0)) -> 475726 | C56: =INDEX('AR Delinquent Report'!B2:B536,MATCH(LARGE('AR Delinquent Report'!I2:I536,3),'AR Delinquent Report'!I2:I536,0)) -> Pre-Bankruptcy Attny | D56: =LARGE('AR Delinquent Report'!I2:I536,3) -> 16897.54
A57: 4 | B57: =INDEX('AR Delinquent Report'!A2:A536,MATCH(LARGE('AR Delinquent Report'!I2:I536,4),'AR Delinquent Report'!I2:I536,0)) -> 477923 | C57: =INDEX('AR Delinquent Report'!B2:B536,MATCH(LARGE('AR Delinquent Report'!I2:I536,4),'AR Delinquent Report'!I2:I536,0)) -> 0 | D57: =LARGE('AR Delinquent Report'!I2:I536,4) -> 15136.52
A58: 5 | B58: =INDEX('AR Delinquent Report'!A2:A536,MATCH(LARGE('AR Delinquent Report'!I2:I536,5),'AR Delinquent Report'!I2:I536,0)) -> 478678 | C58: =INDEX('AR Delinquent Report'!B2:B536,MATCH(LARGE('AR Delinquent Report'!I2:I536,5),'AR Delinquent Report'!I2:I536,0)) -> Attny | D58: =LARGE('AR Delinquent Report'!I2:I536,5) -> 13435.99
A59: 6 | B59: =INDEX('AR Delinquent Report'!A2:A536,MATCH(LARGE('AR Delinquent Report'!I2:I536,6),'AR Delinquent Report'!I2:I536,0)) -> 474495 | C59: =INDEX('AR Delinquent Report'!B2:B536,MATCH(LARGE('AR Delinquent Report'!I2:I536,6),'AR Delinquent Report'!I2:I536,0)) -> Attny | D59: =LARGE('AR Delinquent Report'!I2:I536,6) -> 12456.71
A60: 7 | B60: =INDEX('AR Delinquent Report'!A2:A536,MATCH(LARGE('AR Delinquent Report'!I2:I536,7),'AR Delinquent Report'!I2:I536,0)) -> 475816 | C60: =INDEX('AR Delinquent Report'!B2:B536,MATCH(LARGE('AR Delinquent Report'!I2:I536,7),'AR Delinquent Report'!I2:I536,0)) -> Attny | D60: =LARGE('AR Delinquent Report'!I2:I536,7) -> 11937.07
A61: 8 | B61: =INDEX('AR Delinquent Report'!A2:A536,MATCH(LARGE('AR Delinquent Report'!I2:I536,8),'AR Delinquent Report'!I2:I536,0)) -> 475248 | C61: =INDEX('AR Delinquent Report'!B2:B536,MATCH(LARGE('AR Delinquent Report'!I2:I536,8),'AR Delinquent Report'!I2:I536,0)) -> Attny | D61: =LARGE('AR Delinquent Report'!I2:I536,8) -> 10920.56
A62: 9 | B62: =INDEX('AR Delinquent Report'!A2:A536,MATCH(LARGE('AR Delinquent Report'!I2:I536,9),'AR Delinquent Report'!I2:I536,0)) -> 477403 | C62: =INDEX('AR Delinquent Report'!B2:B536,MATCH(LARGE('AR Delinquent Report'!I2:I536,9),'AR Delinquent Report'!I2:I536,0)) -> Attny | D62: =LARGE('AR Delinquent Report'!I2:I536,9) -> 10501.11
A63: 10 | B63: =INDEX('AR Delinquent Report'!A2:A536,MATCH(LARGE('AR Delinquent Report'!I2:I536,10),'AR Delinquent Report'!I2:I536,0)) -> 477413 | C63: =INDEX('AR Delinquent Report'!B2:B536,MATCH(LARGE('AR Delinquent Report'!I2:I536,10),'AR Delinquent Report'!I2:I536,0)) -> Attny | D63: =LARGE('AR Delinquent Report'!I2:I536,10) -> 9547.64

Sheet AR Delinquent Report
A1: Acct # | B1: Status | C1: Current | D1: 30-59 Days | E1: 60-89 Days | F1: 90 Days | G1: 120 Days | H1: 150 Days | I1: >180 Days | J1: Balance | K1: Section
A2: 851983 | B2: Attny | C2: 0 | D2: 0 | E2: 142223.9 | F2: 2864.12 | G2: 7999.27 | H2: 158375 | I2: 0 | J2: 311462.29 | K2: Master
A3: 489515 | B3: Demand Lien Notice | C3: 1512.5 | D3: 0 | E3: 117000 | F3: 0 | G3: 0 | H3: 0 | I3: 0 | J3: 118512.5 | K3: Master
A4: 474628 | B4: Demand Lien Notice | C4: 1028.75 | D4: 0 | E4: 78300 | F4: 0 | G4: 0 | H4: 0 | I4: 0 | J4: 79328.75 | K4: Master
A5: 866536 | B5: Demand Lien Notice | C5: 851.38 | D5: 0 | E5: 64560.35 | F5: 0 | G5: 0 | H5: 0 | I5: 0 | J5: 65411.73 | K5: Master
A6: 474633 | B6: Initial Late Letter | C6: 0 | D6: 0 | E6: 50400 | F6: 0 | G6: 500 | H6: 0 | I6: 2660 | J6: 53560 | K6: Master
A7: 866525 | B7: Demand Lien Notice | C7: 623.75 | D7: 0 | E7: 46350 | F7: 0 | G7: 0 | H7: 0 | I7: 0 | J7: 46973.75 | K7: Master
A8: 474637 | B8: Demand Lien Notice | C8: 563.68 | D8: 0 | E8: 41094 | F8: 0 | G8: 0 | H8: 0 | I8: 0 | J8: 41657.68 | K8: Master
A9: 475630 | C9: 3012.5 | D9: 6399 | E9: 1550 | F9: 0 | G9: 0 | H9: 0 | I9: 18249.01 | J9: 29210.51 | K9: Master
A10: 474631 | B10: Demand Lien Notice | C10: 376.25 | D10: 0 | E10: 26100 | F10: 0 | G10: 0 | H10: 0 | I10: 0 | J10: 26476.25 | K10: Master
A11: 475816 | B11: Attny | C11: 3753.64 | D11: 6100 | E11: 2376.85 | F11: 70.17 | G11: 70.17 | H11: 70.17 | I11: 11937.07 | J11: 24378.07 | K11: Master
A12: 475151 | B12: Demand Lien Notice | C12: 0 | D12: 25 | E12: 1164.18 | F12: 0 | G12: 92.5 | H12: 0 | I12: 17907.07 | J12: 19188.75 | K12: Master
A13: 478678 | B13: Attny | C13: 1230.75 | D13: 0 | E13: 1601.19 | F13: 136.01 | G13: 1452.53 | H13: 136.01 | I13: 13435.99 | J13: 17992.48 | K13: Master
A14: 475726 | B14: Pre-Bankruptcy Attny | C14: 0 | D14: 0 | E14: 0 | F14: 0 | G14: 0 | H14: 0 | I14: 16897.54 | J14: 16897.54 | K14: Master
A15: 476849 | B15: Attny | C15: 549.26 | D15: 0 | E15: 0 | F15: 14574.15 | G15: 62.5 | H15: 0 | I15: 0 | J15: 15185.91 | K15: Master
A16: 477923 | C16: 0 | D16: 0 | E16: 0 | F16: 0 | G16: 0 | H16: 0 | I16: 15136.52 | J16: 15136.52 | K16: Master
A17: 474495 | B17: Attny | C17: 1178.53 | D17: 0 | E17: 1128.03 | F17: 88.45 | G17: 88.45 | H17: 88.45 | I17: 12456.71 | J17: 15028.62 | K17: Master
A18: 475248 | B18: Attny | C18: 142.19 | D18: 0 | E18: 655.3 | F18: 73.41 | G18: 2013.46 | H18: 73.41 | I18: 10920.56 | J18: 13878.33 | K18: Master
A19: 478639 | B19: Attny | C19: 1222.64 | D19: 410 | E19: 1098.93 | F19: 69.6 | G19: 674.6 | H19: 69.6 | I19: 8516.16 | J19: 12061.53 | K19: Master
A20: 477403 | B20: Attny | C20: 88.89 | D20: 0 | E20: 1058.89 | F20: 77.74 | G20: 77.74 | H20: 77.74 | I20: 10501.11 | J20: 11882.11 | K20: Master
A21: 475404 | B21: Attny | C21: 2145.21 | D21: 0 | E21: 111.46 | F21: 51.57 | G21: 861.15 | H21: 51.57 | I21: 8590.42 | J21: 11811.38 | K21: Master
A22: 476445 | B22: Attny | C22: 1286.88 | D22: 230 | E22: 904.31 | F22: 66.53 | G22: 801.62 | H22: 66.53 | I22: 8319.46 | J22: 11675.33 | K22: Master
A23: 673358 | B23: Attny | C23: 0 | D23: 233.75 | E23: 2504.93 | F23: 68.63 | G23: 640.5 | H23: 68.63 | I23: 7539.02 | J23: 11055.46 | K23: Master
A24: 476688 | B24: Attny | C24: 1243.15 | D24: 39.82 | E24: 1237.88 | F24: 53.35 | G24: 413.35 | H24: 53.35 | I24: 7960.53 | J24: 11001.43 | K24: Master
A25: 474466 | B25: Attny | C25: 354.33 | D25: 0 | E25: 748.65 | F25: 53.92 | G25: 151.42 | H25: 53.92 | I25: 9404.08 | J25: 10766.32 | K25: Master
A26: 478075 | C26: 2950 | D26: 6100 | E26: 1600 | F26: 0 | G26: 0 | H26: 0 | I26: 0 | J26: 10650 | K26: Unbillable
A27: 478431 | C27: 2998.75 | D27: 6100 | E27: 1550 | F27: 0 | G27: 0 | H27: 0 | I27: 0 | J27: 10648.75 | K27: Master
A28: 477701 | B28: Attny | C28: 99.39 | D28: 0 | E28: 1322.49 | F28: 59.54 | G28: 0 | H28: 63.33 | I28: 9038.42 | J28: 10583.17 | K28: Master
A29: 477963 | B29: Demand Lien Notice | C29: 3075.11 | D29: 4871.75 | E29: 2558.86 | F29: 0 | G29: 0 | H29: 0 | I29: 50 | J29: 10555.72 | K29: Master
A30: 475721 | B30: Attny | C30: 1375.48 | D30: 48.75 | E30: 840.36 | F30: 65.9 | G30: 147.15 | H30: 65.9 | I30: 8002.44 | J30: 10545.98 | K30: Master
A31: 477413 | B31: Attny | C31: 0 | D31: 0 | E31: 140.43 | F31: 0 | G31: 180 | H31: 0 | I31: 9547.64 | J31: 9868.07 | K31: Master
A32: 475316 | B32: Attny | C32: 76.91 | D32: 0 | E32: 750.81 | F32: 69.35 | G32: 530.6 | H32: 69.35 | I32: 8232.15 | J32: 9729.17 | K32: Master
A33: 476452 | B33: Attny | C33: 1282.4 | D33: 0 | E33: 997.68 | F33: 68.44 | G33: 68.44 | H33: 68.44 | I33: 6445.64 | J33: 8931.04 | K33: Master
A34: 478410 | B34: Attny | C34: 2950 | D34: 3050 | E34: 2769.33 | F34: 0 | G34: 0 | H34: 0 | I34: 66.63 | J34: 8835.96 | K34: Master
A35: 579928 | B35: Demand Lien Notice | C35: 3056.44 | D35: 3251 | E35: 2164.89 | F35: 0 | G35: 0 | H35: 0 | I35: 0 | J35: 8472.33 | K35: Master
A36: 764438 | B36: Attny | C36: 2130.44 | D36: 106.25 | E36: 1002.82 | F36: 70.64 | G36: 1021.89 | H36: 70.64 | I36: 3936.84 | J36: 8339.52 | K36: Master
A37: 478718 | C37: 0 | D37: 0 | E37: 864.98 | F37: 60.06 | G37: 60.06 | H37: 60.06 | I37: 7175.47 | J37: 8220.63 | K37: Master
A38: 474966 | B38: Pre-Bankruptcy Attny | C38: 0 | D38: 0 | E38: 0 | F38: 0 | G38: 790.96 | H38: 30 | I38: 7384.81 | J38: 8205.77 | K38: Master
A39: 476119 | B39: Attny | C39: 491.56 | D39: 0 | E39: 894.4 | F39: 0 | G39: 1114.14 | H39: 57.93 | I39: 5559.16 | J39: 8117.19 | K39: Master
A40: 476708 | B40: Attny | C40: 951.22 | D40: 97.5 | E40: 1133.74 | F40: 73.54 | G40: 228.54 | H40: 73.54 | I40: 5225.04 | J40: 7783.12 | K40: Master
A41: 476511 | C41: 2998.75 | D41: 3050 | E41: 1550 | F41: 0 | G41: 0 | H41: 0 | I41: 0 | J41: 7598.75 | K41: Master
A42: 518785 | B42: Attny | C42: 765.52 | D42: 0 | E42: 512.38 | F42: 83.01 | G42: 1557.72 | H42: 83.01 | I42: 4383.77 | J42: 7385.41 | K42: Master
A43: 478973 | B43: Attny | C43: 543.75 | D43: 180 | E43: 539.56 | F43: 0 | G43: 31.91 | H43: 0 | I43: 5853.44 | J43: 7148.66 | K43: Commercial
A44: 474650 | B44: Attny | C44: 66.56 | D44: 0 | E44: 611.5 | F44: 60.51 | G44: 1635.42 | H44: 60.51 | I44: 4677.54 | J44: 7112.04 | K44: Master
A45: 476614 | B45: Attny | C45: 335.79 | D45: 0 | E45: 1300.33 | F45: 74.07 | G45: 546.57 | H45: 74.07 | I45: 4752.4 | J45: 7083.23 | K45: Master
A46: 475244 | B46: Attny | C46: 1024.52 | D46: 0 | E46: 774.44 | F46: 76.86 | G46: 576.86 | H46: 76.86 | I46: 4032.17 | J46: 6561.71 | K46: Master
A47: 478933 | C47: 4393.52 | D47: 185.25 | E47: 1734.55 | F47: 0 | G47: 0 | H47: 0 | I47: 0 | J47: 6313.32 | K47: Commercial
A48: 476123 | C48: 0 | D48: 0 | E48: 0 | F48: 0 | G48: 0 | H48: 0 | I48: 6076.53 | J48: 6076.53 | K48: Master
A49: 477700 | B49: Attny | C49: 517.66 | D49: 97.5 | E49: 1108.57 | F49: 70.72 | G49: 369.47 | H49: 70.72 | I49: 3730.62 | J49: 5965.26 | K49: Master
A50: 476361 | B50: Attny | C50: 90.02 | D50: 0 | E50: 1335.3 | F50: 75.39 | G50: 319.84 | H50: 75.39 | I50: 3810.16 | J50: 5706.1 | K50: Master
A51: 478037 | B51: Attny | C51: 0 | D51: 48.75 | E51: 851.12 | F51: 0 | G51: 0 | H51: 0 | I51: 4718.81 | J51: 5618.68 | K51: Master
A52: 475840 | B52: Attny | C52: 512.18 | D52: 97.5 | E52: 981.12 | F52: 66.72 | G52: 66.72 | H52: 66.72 | I52: 3469.86 | J52: 5260.82 | K52: Master
A53: 518562 | B53: Attny | C53: 827.8 | D53: 0 | E53: 1095.99 | F53: 68.46 | G53: 588.96 | H53: 68.46 | I53: 2583.04 | J53: 5232.71 | K53: Master
A54: 731741 | B54: Demand Lien Notice | C54: 111.88 | D54: 0 | E54: 4950 | F54: 0 | G54: 0 | H54: 0 | I54: 0 | J54: 5061.88 | K54: Commercial
A55: 474604 | B55: Demand Lien Notice | C55: 108.5 | D55: 0 | E55: 4680 | F55: 0 | G55: 0 | H55: 0 | I55: 95 | J55: 4883.5 | K55: Commercial
A56: 479669 | B56: Attny | C56: 0 | D56: 310 | E56: 1744.67 | F56: 65 | G56: 65 | H56: 65 | I56: 2373.93 | J56: 4623.6 | K56: Commercial
A57: 800734 | B57: Demand Lien Notice | C57: 105.08 | D57: 0 | E57: 4406.4 | F57: 0 | G57: 0 | H57: 0 | I57: 0 | J57: 4511.48 | K57: Commercial
A58: 774383 | B58: Attny | C58: 413.44 | D58: 0 | E58: 1994.05 | F58: 66.72 | G58: 66.72 | H58: 66.72 | I58: 1844.88 | J58: 4452.53 | K58: Commercial
A59: 716752 | B59: Attny | C59: 1072.6 | D59: 0 | E59: 1193.46 | F59: 63.17 | G59: 63.17 | H59: 63.17 | I59: 1597.62 | J59: 4053.19 | K59: Master
A60: 674832 | B60: Attny | C60: 1107.12 | D60: 0 | E60: 924.58 | F60: 59.68 | G60: 651.68 | H60: 59.68 | I60: 1234.2 | J60: 4036.94 | K60: Master
... A70: 474821 | B70: Attny | C70: 1873.39 | D70: 0 | E70: 591.11 | F70: 54.95 | G70: 54.95 | H70: 54.95 | I70: 882.69 | J70: 3512.04 | K70: Master
A71: 879901 | C71: 3457.35 | D71: 0 | E71: 0 | F71: 0 | G71: 0 | H71: 0 | I71: 0 | J71: 3457.35 | K71: Master
A72: 478050 | B72: Attny | C72: 410.44 | D72: 97.5 | E72: 1095.28 | F72: 60.93 | G72: 336.93 | H72: 60.93 | I72: 1341.77 | J72: 3403.78 | K72: Master
A73: 478487 | B73: Attny | C73: 76.39 | D73: 97.5 | E73: 1242.87 | F73: 62.59 | G73: 339.09 | H73: 62.59 | I73: 1488.16 | J73: 3369.19 | K73: Master
A74: 477063 | B74: Attny | C74: 409.3 | D74: 97.5 | E74: 1020.44 | F74: 60.7 | G74: 336.2 | H74: 60.7 | I74: 1321.99 | J74: 3306.83 | K74: Master
A75: 475341 | B75: Attny | C75: 0 | D75: 0 | E75: 652.1 | F75: 0 | G75: 0 | H75: 69.99 | I75: 2504.48 | J75: 3226.57 | K75: Master
A76: 478903 | B76: Demand Lien Notice | C76: 71.26 | D76: 612.34 | E76: 1701 | F76: 0 | G76: 46.1 | H76: 0 | I76: 779.39 | J76: 3210.09 | K76: Commercial
A77: 477247 | B77: Attny | C77: 405.89 | D77: 97.5 | E77: 897.79 | F77: 58.76 | G77: 333.76 | H77: 58.76 | I77: 1154.89 | J77: 3007.35 | K77: Master
A78: 572857 | B78: Attny | C78: 76.41 | D78: 0 | E78: 1276.07 | F78: 62.19 | G78: 62.19 | H78: 62.19 | I78: 1453.48 | J78: 2992.53 | K78: Master
A79: 813419 | B79: Attny | C79: 391.33 | D79: 0 | E79: 848.78 | F79: 58.55 | G79: 58.55 | H79: 58.55 | I79: 1528.37 | J79: 2944.13 | K79: Master
A80: 713250 | B80: Attny | C80: 388.44 | D80: 97.5 | E80: 709.6 | F80: 57.34 | G80: 492.34 | H80: 57.34 | I80: 1033.08 | J80: 2835.64 | K80: Master
A81: 805139 | B81: Attny | C81: 62 | D81: 97.5 | E81: 593.39 | F81: 56.06 | G81: 491.06 | H81: 56.06 | I81: 1354.61 | J81: 2710.68 | K81: Master
A82: 477083 | B82: Attny | C82: 73.84 | D82: 0 | E82: 1072.91 | F82: 25 | G82: 301.5 | H82: 25 | I82: 1183.25 | J82: 2681.5 | K82: Master
A83: 474530 | C83: 82.29 | D83: 0 | E83: 2583 | F83: 0 | G83: 0 | H83: 0 | I83: 0 | J83: 2665.29 | K83: Commercial
A84: 478044 | B84: Demand Lien Notice | C84: 67.08 | D84: 0 | E84: 1366.4 | F84: 0 | G84: 0 | H84: 0 | I84: 1211.41 | J84: 2644.89 | K84: Master
A85: 475678 | B85: Attny | C85: 405.68 | D85: 0 | E85: 888.58 | F85: 58.66 | G85: 58.66 | H85: 58.66 | I85: 1146.18 | J85: 2616.42 | K85: Master
A86: 477524 | B86: Attny | C86: 69.88 | D86: 0 | E86: 1080.17 | F86: 0 | G86: 0 | H86: 0 | I86: 1455.22 | J86: 2605.27 | K86: Master
A87: 476902 | B87: Attny | C87: 400.85 | D87: 97.5 | E87: 885.97 | F87: 53.74 | G87: 330.64 | H87: 53.74 | I87: 775.33 | J87: 2597.77 | K87: Master
A88: 696839 | B88: Demand Lien Notice | C88: 80.84 | D88: 0 | E88: 2467.51 | F88: 0 | G88: 0 | H88: 0 | I88: 0 | J88: 2548.35 | K88: Commercial
A89: 476241 | B89: Attny | C89: 66.33 | D89: 298.75 | E89: 906.21 | F89: 58.1 | G89: 59.72 | H89: 58.1 | I89: 1098.22 | J89: 2545.43 | K89: Master
A90: 477499 | C90: 2497.36 | D90: 0 | E90: 0 | F90: 0 | G90: 0 | H90: 0 | I90: 0 | J90: 2497.36 | K90: Master
A91: 777166 | B91: Attny | C91: 399.2 | D91: 97.5 | E91: 612.92 | F91: 55.5 | G91: 332 | H91: 55.5 | I91: 874.5 | J91: 2427.12 | K91: Master
A92: 476402 | C92: 0 | D92: 0 | E92: 0.03 | F92: 0 | G92: 0 | H92: 0 | I92: 2277.78 | J92: 2277.81 | K92: Master
A93: 474807 | B93: Attny | C93: 388.27 | D93: 0 | E93: 836.44 | F93: 55.57 | G93: 55.57 | H93: 55.57 | I93: 881.18 | J93: 2272.6 | K93: Master
A94: 477145 | B94: Pending Board | C94: 72.61 | D94: 0 | E94: 1061.51 | F94: 57.53 | G94: 57.53 | H94: 57.53 | I94: 931.74 | J94: 2238.45 | K94: Master
A95: 667034 | B95: Demand Lien Notice | C95: 76.9 | D95: 0 | E95: 2152.04 | F95: 0 | G95: 0 | H95: 0 | I95: 0 | J95: 2228.94 | K95: Commercial
A96: 474569 | B96: Demand Lien Notice | C96: 76.58 | D96: 0 | E96: 2126.66 | F96: 0 | G96: 0 | H96: 0 | I96: 0 | J96: 2203.24 | K96: Commercial
A97: 478911 | B97: Demand Lien Notice | C97: 75.59 | D97: 0 | E97: 1664.14 | F97: 0 | G97: 0 | H97: 0 | I97: 453.89 | J97: 2193.62 | K97: Commercial
A98: 574016 | C98: 76.3 | D98: 0 | E98: 2104.04 | F98: 0 | G98: 0 | H98: 0 | I98: 0 | J98: 2180.34 | K98: Commercial
A99: 475145 | B99: Attny | C99: 176.97 | D99: 0 | E99: 899.08 | F99: 0 | G99: 0 | H99: 0 | I99: 1088.79 | J99: 2164.84 | K99: Master
A100: 518510 | B100: Demand Lien Notice | C100: 0 | D100: 0 | E100: 830.93 | F100: 0 | G100: 0 | H100: 0 | I100: 1285.23 | J100: 2116.16 | K100: Master
A101: 474541 | B101: Demand Lien Notice | C101: 75.31 | D101: 0 | E101: 2025 | F101: 0 | G101: 0 | H101: 0 | I101: 0 | J101: 2100.31 | K101: Commercial
A102: 617332 | B102: Demand Lien Notice | C102: 73.58 | D102: 0 | E102: 1886.36 | F102: 0 | G102: 0 | H102: 0 | I102: 130.75 | J102: 2090.69 | K102: Commercial
A103: 880473 | C103: 1987.6 | D103: 0 | E103: 0 | F103: 0 | G103: 0 | H103: 0 | I103: 0 | J103: 1987.6 | K103: Master
A104: 478086 | B104: Attny | C104: 64.27 | D104: 0 | E104: 660.67 | F104: 25 | G104: 229.32 | H104: 25 | I104: 934.67 | J104: 1938.93 | K104: Master
A105: 608871 | B105: Demand Lien Notice | C105: 60.2 | D105: 0 | E105: 815.81 | F105: 0 | G105: 0 | H105: 0 | I105: 1027.48 | J105: 1903.49 | K105: Master
A106: 474806 | C106: 61.96 | D106: 0 | E106: 795.69 | F106: 53.46 | G106: 287.21 | H106: 53.46 | I106: 650.67 | J106: 1902.45 | K106: Master
A107: 678179 | B107: Demand Lien Notice | C107: 72.21 | D107: 0 | E107: 1776.67 | F107: 0 | G107: 0 | H107: 0 | I107: 0 | J107: 1848.88 | K107: Commercial
A108: 602427 | B108: Demand Lien Notice | C108: 72.2 | D108: 0 | E108: 1775.95 | F108: 0 | G108: 0 | H108: 0 | I108: 0 | J108: 1848.15 | K108: Commercial
A109: 770814 | B109: Demand Lien Notice | C109: 71.98 | D109: 0 | E109: 1758.38 | F109: 0 | G109: 0 | H109: 0 | I109: 0 | J109: 1830.36 | K109: Commercial
...
